C13	https://github.com/sid12701/lms/issues/252
C1	https://github.com/sid12701/lms/issues/253
C2	https://github.com/sid12701/lms/issues/254
C3	https://github.com/sid12701/lms/issues/255
C4	https://github.com/sid12701/lms/issues/256
C6	https://github.com/sid12701/lms/issues/257
C7	https://github.com/sid12701/lms/issues/258
C9	https://github.com/sid12701/lms/issues/259
C10	https://github.com/sid12701/lms/issues/260
C11	https://github.com/sid12701/lms/issues/261
C12	https://github.com/sid12701/lms/issues/262
H1	https://github.com/sid12701/lms/issues/263
H2	https://github.com/sid12701/lms/issues/264
H7	https://github.com/sid12701/lms/issues/265
H8	https://github.com/sid12701/lms/issues/266
H10	https://github.com/sid12701/lms/issues/267
H11	https://github.com/sid12701/lms/issues/268
H12	https://github.com/sid12701/lms/issues/269
H13	https://github.com/sid12701/lms/issues/270
H14	https://github.com/sid12701/lms/issues/271
H15	https://github.com/sid12701/lms/issues/272
H16	https://github.com/sid12701/lms/issues/273
H17	https://github.com/sid12701/lms/issues/274
H18	https://github.com/sid12701/lms/issues/275
H19	https://github.com/sid12701/lms/issues/276
H20	https://github.com/sid12701/lms/issues/277
H21	https://github.com/sid12701/lms/issues/278
H22	https://github.com/sid12701/lms/issues/279
H23	https://github.com/sid12701/lms/issues/280
H24	https://github.com/sid12701/lms/issues/281
H25	https://github.com/sid12701/lms/issues/282
H26	https://github.com/sid12701/lms/issues/283
H28	https://github.com/sid12701/lms/issues/284
H29	https://github.com/sid12701/lms/issues/285
H30	https://github.com/sid12701/lms/issues/286
H31	https://github.com/sid12701/lms/issues/287
H32	https://github.com/sid12701/lms/issues/288
H33	https://github.com/sid12701/lms/issues/289
H34	https://github.com/sid12701/lms/issues/290
H35	https://github.com/sid12701/lms/issues/291
H36	https://github.com/sid12701/lms/issues/292
H37	https://github.com/sid12701/lms/issues/293
H38	https://github.com/sid12701/lms/issues/294
H39	https://github.com/sid12701/lms/issues/295
H40	https://github.com/sid12701/lms/issues/296
H41	https://github.com/sid12701/lms/issues/297
H42	https://github.com/sid12701/lms/issues/298
H43	https://github.com/sid12701/lms/issues/299
H44	https://github.com/sid12701/lms/issues/300
H45	https://github.com/sid12701/lms/issues/301
H46	https://github.com/sid12701/lms/issues/302
H47	https://github.com/sid12701/lms/issues/303
M1	https://github.com/sid12701/lms/issues/304
M2	https://github.com/sid12701/lms/issues/305
M3	https://github.com/sid12701/lms/issues/306
M4	https://github.com/sid12701/lms/issues/307
M5	https://github.com/sid12701/lms/issues/308
M6	https://github.com/sid12701/lms/issues/309
M7	https://github.com/sid12701/lms/issues/310
M8	https://github.com/sid12701/lms/issues/311
M9	https://github.com/sid12701/lms/issues/312
M10	https://github.com/sid12701/lms/issues/313
M11	https://github.com/sid12701/lms/issues/314
M12	https://github.com/sid12701/lms/issues/315
M13	https://github.com/sid12701/lms/issues/316
M14	https://github.com/sid12701/lms/issues/317
M15	https://github.com/sid12701/lms/issues/318
M16	https://github.com/sid12701/lms/issues/319
M17	https://github.com/sid12701/lms/issues/320
M18	https://github.com/sid12701/lms/issues/321
L1	https://github.com/sid12701/lms/issues/322
L2	https://github.com/sid12701/lms/issues/323
L3	https://github.com/sid12701/lms/issues/324
R3	https://github.com/sid12701/lms/issues/325
R4	https://github.com/sid12701/lms/issues/326
R5	https://github.com/sid12701/lms/issues/327
N1	https://github.com/sid12701/lms/issues/328
N2	https://github.com/sid12701/lms/issues/329
